[
  {
    "shareCount": 15011,
    "likeCount": 23693,
    "viewCount": 15074,
    "topics": [
      "creativity",
      "life",
      "attitude"
    ],
    "author": {
      "died": "Tuesday, March 22, 2016 10:40 AM",
      "born": "Tuesday, March 17, 2015 7:31 PM",
      "profession": "author",
      "intro": "Sunt ipsum deserunt et sint aute amet proident do labore dolor. Lorem aliqua aliqua pariatur Lorem do magna dolore. Laboris enim reprehenderit id in aliquip esse do ullamco tempor incididunt amet. Qui ut adipisicing dolor tempor velit. Labore ullamco fugiat culpa laborum aliquip enim pariatur minim dolor consectetur commodo. Consectetur velit eiusmod tempor aliqua do pariatur minim dolor pariatur anim laborum. Elit eiusmod ullamco aliqua adipisicing cillum sunt adipisicing cupidatat adipisicing cillum.\n\nCulpa aliquip nisi irure commodo officia adipisicing reprehenderit adipisicing irure aute sint enim cupidatat cillum. Aliqua ex enim ad pariatur. Velit incididunt Lorem laboris commodo eu labore labore laboris anim reprehenderit. Adipisicing exercitation eiusmod ipsum ipsum minim do. Mollit amet aliquip officia amet Lorem cupidatat. Excepteur officia occaecat nisi laborum et. Pariatur in cupidatat consequat excepteur sint ad do anim.",
      "name": "Noble Chapman",
      "id": "570f3a8bfd6cad69b8c4ef26"
    },
    "quote": "nisi dolor minim culpa sint nulla aute eu commodo velit anim officia",
    "id": "570f3a8bb4f63ece37f23fd4"
  },
  {
    "shareCount": 21282,
    "likeCount": 15199,
    "viewCount": 5203,
    "topics": [
      "creativity",
      "life",
      "attitude"
    ],
    "author": {
      "died": "Monday, November 23, 2015 5:39 PM",
      "born": "Tuesday, December 15, 2015 2:08 PM",
      "profession": "saint",
      "intro": "Lorem et mollit aliquip magna reprehenderit ut ullamco quis. Deserunt qui tempor cillum ad qui. Veniam culpa eu quis irure ullamco pariatur laborum eiusmod aute qui ea ad ullamco sit. Id mollit dolor enim do. Dolor adipisicing reprehenderit proident cupidatat incididunt eiusmod eu id.\n\nLaboris do consequat velit cillum amet esse id excepteur cupidatat sint. Id adipisicing mollit esse consectetur consectetur tempor aute consectetur aute esse aliquip officia. Officia nulla qui anim in nostrud. Non incididunt sunt cupidatat consectetur minim dolore et aliquip enim tempor commodo. Nisi deserunt ad nulla tempor qui. Elit ullamco tempor ex minim dolor.",
      "name": "Hyde Stone",
      "id": "570f3a8bfceeb8984b2f75f4"
    },
    "quote": "eu consectetur nisi sunt laborum exercitation minim magna nisi consectetur magna est",
    "id": "570f3a8b51c59f0a2e5c5037"
  },
  {
    "shareCount": 28727,
    "likeCount": 17038,
    "viewCount": 13091,
    "topics": [
      "creativity",
      "life",
      "attitude"
    ],
    "author": {
      "died": "Monday, August 17, 2015 2:08 PM",
      "born": "Tuesday, August 19, 2014 6:57 PM",
      "profession": "artist",
      "intro": "Excepteur nulla laboris minim reprehenderit Lorem veniam ut consequat commodo deserunt velit. Consectetur amet reprehenderit sit irure in sit. Veniam in sit amet est enim excepteur eu ut excepteur consequat consectetur ut. Veniam est labore incididunt ullamco ad sint veniam est veniam aute dolor deserunt. Aliqua laborum aute eiusmod duis consequat laboris velit velit ipsum. Duis veniam ea reprehenderit dolore duis irure laborum enim.\n\nMagna reprehenderit esse ullamco cillum duis. Do incididunt dolore proident velit pariatur cillum. Officia duis proident reprehenderit ex fugiat duis commodo voluptate do laborum sunt velit labore id. Sunt cillum deserunt et nisi consequat amet irure exercitation duis culpa cupidatat occaecat eu proident.",
      "name": "Snyder Stephenson",
      "id": "570f3a8b1db897a085abe603"
    },
    "quote": "magna quis ut velit magna eiusmod officia quis adipisicing eiusmod ut aute",
    "id": "570f3a8bdabcd82be4140914"
  },
  {
    "shareCount": 29169,
    "likeCount": 15100,
    "viewCount": 2704,
    "topics": [
      "creativity",
      "life",
      "attitude"
    ],
    "author": {
      "died": "Saturday, December 20, 2014 12:36 PM",
      "born": "Saturday, March 29, 2014 12:35 AM",
      "profession": "actor",
      "intro": "Nostrud in qui veniam cupidatat ut velit nisi pariatur nostrud labore est irure non. Dolor adipisicing officia eiusmod laboris. Ex anim officia anim occaecat est. Eiusmod minim deserunt fugiat mollit elit culpa magna cupidatat voluptate. Cupidatat ut anim sit voluptate ipsum eu. Occaecat in fugiat id enim ipsum ad ullamco do Lorem commodo commodo consectetur Lorem commodo. Cillum ut magna ut pariatur labore non proident cillum eu ullamco.\n\nAmet dolor do cillum id cupidatat nisi. Incididunt deserunt nisi exercitation eiusmod minim. Qui incididunt sit officia mollit amet culpa est anim sit deserunt voluptate magna veniam laborum. Culpa occaecat nulla ullamco ea aliquip ad mollit et aliqua laborum excepteur pariatur. Do ullamco fugiat dolor amet voluptate duis magna aute sint.",
      "name": "Beatrice Sutton",
      "id": "570f3a8bcdbcd3b7995571a5"
    },
    "quote": "officia laboris pariatur exercitation esse deserunt in sint Lorem adipisicing ex non",
    "id": "570f3a8bbd9b28b9311a4449"
  },
  {
    "shareCount": 3871,
    "likeCount": 8460,
    "viewCount": 29251,
    "topics": [
      "creativity",
      "life",
      "attitude"
    ],
    "author": {
      "died": "Monday, November 30, 2015 7:39 AM",
      "born": "Sunday, July 26, 2015 7:23 PM",
      "profession": "philosopher",
      "intro": "Reprehenderit aute sit cillum consectetur cupidatat. Lorem ullamco velit exercitation magna do eu deserunt magna veniam nostrud laboris. Aliquip dolore irure nostrud ex quis cupidatat. Culpa ullamco culpa nisi nostrud sit.\n\nNulla sint consectetur duis ullamco mollit. In ea aliquip officia cupidatat nostrud enim veniam duis. Tempor quis ullamco ullamco non est in incididunt dolor in dolore aliquip ea sit. Aute et in in dolore magna exercitation dolore mollit fugiat nisi aliqua. Et consequat dolor voluptate incididunt tempor officia incididunt adipisicing ut nostrud labore cillum sint.",
      "name": "Frances Randolph",
      "id": "570f3a8bd03aaff47550c96b"
    },
    "quote": "magna in nisi reprehenderit quis fugiat labore non deserunt mollit sunt ad",
    "id": "570f3a8b396e2c97785a2999"
  },
  {
    "shareCount": 10470,
    "likeCount": 23865,
    "viewCount": 11336,
    "topics": [
      "creativity",
      "life",
      "attitude"
    ],
    "author": {
      "died": "Monday, February 24, 2014 11:56 PM",
      "born": "Monday, February 16, 2015 6:10 PM",
      "profession": "athlete",
      "intro": "Enim adipisicing nulla fugiat aliqua eiusmod nostrud proident est. Proident laboris esse aute cillum enim consequat aute nisi et Lorem aliqua esse dolore. Incididunt elit tempor in dolor pariatur et fugiat veniam nulla nisi.\n\nIrure pariatur duis nulla do nostrud consequat do anim elit ea qui aliqua eiusmod. Sint eu nisi mollit ut aliquip aliqua nulla sit aute irure. Veniam exercitation in qui anim amet Lorem irure exercitation velit. In sunt occaecat ut sunt est exercitation voluptate nulla.",
      "name": "Greene Hebert",
      "id": "570f3a8bf4a36de1fad55fd1"
    },
    "quote": "ex irure occaecat veniam proident minim sunt velit nulla velit proident quis",
    "id": "570f3a8b271729e601b1226f"
  },
  {
    "shareCount": 25641,
    "likeCount": 9568,
    "viewCount": 11232,
    "topics": [
      "creativity",
      "life",
      "attitude"
    ],
    "author": {
      "died": "Monday, May 12, 2014 9:40 AM",
      "born": "Sunday, July 26, 2015 1:42 PM",
      "profession": "writer",
      "intro": "Proident occaecat dolore pariatur esse nostrud et duis ex. Dolor excepteur ad eiusmod sint proident Lorem. Sunt quis nulla deserunt commodo eiusmod aute est non nostrud adipisicing aliquip fugiat.\n\nElit aliquip id laborum sunt proident tempor. Nisi sunt dolor veniam excepteur nulla pariatur magna enim culpa. Non sunt et dolor quis reprehenderit Lorem Lorem consequat mollit eiusmod quis voluptate excepteur exercitation.",
      "name": "Melton Huffman",
      "id": "570f3a8b9c61e2f7c3c1a098"
    },
    "quote": "pariatur veniam occaecat ad dolore veniam veniam cupidatat incididunt ex incididunt non",
    "id": "570f3a8b4bf4d13d36bec77c"
  },
  {
    "shareCount": 7064,
    "likeCount": 23213,
    "viewCount": 3981,
    "topics": [
      "creativity",
      "life",
      "attitude"
    ],
    "author": {
      "died": "Monday, July 27, 2015 6:38 AM",
      "born": "Thursday, September 4, 2014 5:41 AM",
      "profession": "inventor",
      "intro": "Aliqua deserunt id ad minim. Ea ea et qui eu duis. Eiusmod veniam anim voluptate velit esse tempor fugiat irure commodo deserunt anim minim. Lorem elit Lorem in anim laborum ea incididunt. Ex exercitation duis nulla velit tempor consectetur sunt eiusmod do pariatur veniam velit. Consequat consequat pariatur do non aute consectetur do. Laborum ad labore consectetur reprehenderit laboris nostrud aute magna irure.\n\nSint commodo id aute magna tempor nostrud veniam anim. Culpa exercitation magna nisi est elit proident officia minim dolore in id labore proident amet. Eu irure consequat ex incididunt sunt quis qui. Cupidatat duis et nostrud ad nostrud sunt.",
      "name": "Dale Brock",
      "id": "570f3a8b77b54ec5218ff44c"
    },
    "quote": "voluptate consectetur do exercitation enim in commodo consectetur ut ea incididunt proident",
    "id": "570f3a8b7de1018563fb80e2"
  },
  {
    "shareCount": 15892,
    "likeCount": 5569,
    "viewCount": 28504,
    "topics": [
      "creativity",
      "life",
      "attitude"
    ],
    "author": {
      "died": "Tuesday, June 16, 2015 6:01 AM",
      "born": "Tuesday, January 27, 2015 4:02 AM",
      "profession": "writer",
      "intro": "Reprehenderit occaecat aliqua esse labore occaecat incididunt enim aliqua deserunt. Ipsum laborum sit voluptate et incididunt ex do sunt adipisicing laborum voluptate occaecat elit. Exercitation nisi dolor eiusmod pariatur eu quis occaecat. Voluptate officia consectetur cillum et cupidatat eu. Ad esse culpa quis culpa sunt ex ea labore reprehenderit. Laborum voluptate cillum voluptate ea nostrud veniam ea ex labore laboris. Ex cupidatat velit ut laborum officia cillum culpa aliquip ullamco laborum veniam do.\n\nNon pariatur officia laboris esse aliqua voluptate excepteur laboris duis consequat ut eu. Do do cillum labore veniam pariatur anim enim non nostrud in velit. Proident minim ad minim nisi sit occaecat tempor culpa aute et in veniam ex. Laborum dolor ad aute eiusmod eu quis consectetur voluptate labore ad labore non non do. Excepteur consectetur adipisicing nulla et qui proident.",
      "name": "Vanessa Parrish",
      "id": "570f3a8bb61a02070a6e438d"
    },
    "quote": "sint mollit cillum nulla aute eu consequat aliquip minim sint minim proident",
    "id": "570f3a8b47e034b6f6b49b4a"
  },
  {
    "shareCount": 21238,
    "likeCount": 9182,
    "viewCount": 25752,
    "topics": [
      "creativity",
      "life",
      "attitude"
    ],
    "author": {
      "died": "Saturday, March 29, 2014 9:47 PM",
      "born": "Sunday, February 15, 2015 9:54 PM",
      "profession": "artist",
      "intro": "Proident labore minim fugiat officia dolor aute occaecat ut fugiat. Est incididunt voluptate ullamco deserunt est consequat nostrud. Laborum ea Lorem aliquip ipsum dolore labore quis laborum ipsum esse eu.\n\nConsectetur consequat fugiat qui Lorem aliqua officia sint enim. Labore ad commodo et anim dolore do do proident est. Ex ex ipsum ut minim consequat adipisicing. Magna do do et aliqua aliqua laborum.",
      "name": "Livingston Soto",
      "id": "570f3a8b4e0bf6ba84cb5acb"
    },
    "quote": "commodo ea nisi dolor officia ex dolore non est id cillum laborum",
    "id": "570f3a8b05adb375ab8e73c2"
  },
  {
    "shareCount": 20140,
    "likeCount": 12028,
    "viewCount": 18625,
    "topics": [
      "creativity",
      "life",
      "attitude"
    ],
    "author": {
      "died": "Wednesday, April 29, 2015 12:15 PM",
      "born": "Saturday, January 23, 2016 10:31 AM",
      "profession": "writer",
      "intro": "Officia adipisicing esse enim proident. Magna incididunt est deserunt et ullamco culpa sint ea occaecat nisi. Id amet pariatur non duis laboris nisi commodo. Consequat anim irure mollit excepteur anim. Ex tempor amet nisi nisi.\n\nEnim sint duis pariatur aliqua duis non irure cupidatat do veniam nostrud anim mollit. Anim veniam dolore amet ea deserunt eu consequat laboris excepteur laborum veniam minim. Ipsum proident tempor magna dolor Lorem labore magna ex minim aliquip nostrud non cillum cupidatat. Fugiat aute quis ad sunt ex sit mollit. Irure dolor minim nisi consequat incididunt duis. Laboris ex proident consequat nostrud proident est sint dolore adipisicing sint mollit commodo. Laboris consectetur veniam fugiat excepteur veniam enim cillum esse veniam sit reprehenderit.",
      "name": "Liliana Aguilar",
      "id": "570f3a8b7bfe79483e9d79ba"
    },
    "quote": "nulla veniam consequat id ea non excepteur do eu exercitation consequat fugiat",
    "id": "570f3a8b8047c1e0e641df71"
  },
  {
    "shareCount": 5785,
    "likeCount": 9170,
    "viewCount": 19672,
    "topics": [
      "creativity",
      "life",
      "attitude"
    ],
    "author": {
      "died": "Monday, February 8, 2016 8:41 AM",
      "born": "Monday, March 21, 2016 2:56 PM",
      "profession": "politician",
      "intro": "Enim velit aliqua ad irure fugiat deserunt. Ut nisi incididunt sit aute aliqua veniam incididunt occaecat ad commodo ullamco duis laborum laboris. Veniam eu ut id mollit proident esse veniam consectetur incididunt ad adipisicing culpa labore. Consequat veniam ex veniam fugiat dolor.\n\nIrure ea incididunt irure magna ea commodo. Eu nostrud incididunt nostrud eiusmod dolor in occaecat aliquip sunt. Ut ullamco nulla enim occaecat ad consequat nostrud irure velit irure elit.",
      "name": "Susan Hardy",
      "id": "570f3a8bf2f346ee7548a745"
    },
    "quote": "tempor excepteur commodo sit mollit do velit sit mollit occaecat esse eu",
    "id": "570f3a8bfda633ed90913ab2"
  },
  {
    "shareCount": 8976,
    "likeCount": 29530,
    "viewCount": 3085,
    "topics": [
      "creativity",
      "life",
      "attitude"
    ],
    "author": {
      "died": "Sunday, June 29, 2014 5:17 PM",
      "born": "Monday, September 15, 2014 1:42 AM",
      "profession": "celebrity",
      "intro": "Reprehenderit proident consectetur enim occaecat culpa ipsum irure. Irure quis ut excepteur proident ut labore commodo proident culpa consectetur. Aliquip ut cillum incididunt magna voluptate laborum magna deserunt nulla aute ipsum ea. Velit qui et fugiat enim cupidatat nisi non et irure. Cillum deserunt voluptate proident minim. Sit occaecat dolor ex aliquip dolor.\n\nNostrud est irure aute sit pariatur velit duis sit veniam eu sunt commodo cupidatat exercitation. Deserunt consectetur sint voluptate duis in nulla adipisicing voluptate laboris esse dolore. Minim magna sunt ea magna dolore et excepteur consectetur dolore culpa. Aliqua deserunt tempor pariatur officia do deserunt laboris proident eu. Incididunt commodo elit mollit minim occaecat exercitation et nisi dolor deserunt qui labore. Est officia sunt incididunt anim incididunt proident exercitation aliqua deserunt dolore ipsum do ullamco exercitation. Nisi aliqua in tempor reprehenderit quis ut pariatur in sit laboris irure adipisicing exercitation ipsum.",
      "name": "Poole Manning",
      "id": "570f3a8bd06a958c3136edd2"
    },
    "quote": "laboris reprehenderit enim et cupidatat quis labore consequat esse est sint magna",
    "id": "570f3a8b9f8391d0d39af58f"
  },
  {
    "shareCount": 8803,
    "likeCount": 12538,
    "viewCount": 4953,
    "topics": [
      "creativity",
      "life",
      "attitude"
    ],
    "author": {
      "died": "Tuesday, December 22, 2015 7:21 PM",
      "born": "Tuesday, February 9, 2016 4:44 AM",
      "profession": "celebrity",
      "intro": "Magna consequat est ea dolor sit cupidatat do mollit duis sint. Incididunt exercitation aliquip amet dolor anim exercitation. Anim incididunt eu est culpa eiusmod ad elit adipisicing aute ea. Nulla reprehenderit Lorem ea eiusmod qui ad nostrud deserunt proident occaecat. Sint non incididunt mollit quis cillum ad sit ut esse dolore aute. Tempor do adipisicing tempor proident voluptate. Eiusmod reprehenderit ut occaecat anim non mollit qui elit magna laboris excepteur in est.\n\nAliquip et aliquip laborum irure dolore aliquip mollit consequat anim aliquip. Aliquip magna Lorem eiusmod anim enim duis quis ea ad ipsum velit. Irure sit mollit proident id ipsum. Consectetur pariatur enim minim qui nisi excepteur tempor laboris nulla nostrud aliquip. Deserunt qui occaecat et tempor dolore voluptate officia.",
      "name": "Rosalie Craig",
      "id": "570f3a8bb9cc47e35b2ddbe0"
    },
    "quote": "cupidatat consequat duis anim Lorem aliqua ea aliqua exercitation aute anim elit",
    "id": "570f3a8b61d5cf514f65a591"
  },
  {
    "shareCount": 22690,
    "likeCount": 22686,
    "viewCount": 11990,
    "topics": [
      "creativity",
      "life",
      "attitude"
    ],
    "author": {
      "died": "Thursday, June 5, 2014 1:52 AM",
      "born": "Friday, July 10, 2015 5:13 PM",
      "profession": "athlete",
      "intro": "Incididunt nulla tempor tempor ex quis consectetur sint aliqua laborum enim. Non incididunt deserunt est magna proident dolor enim nostrud. Dolor minim et elit ullamco. Mollit eiusmod irure reprehenderit pariatur cupidatat duis eiusmod nostrud consectetur do. Aliqua nostrud ut proident do adipisicing laboris aute sint occaecat.\n\nLaboris ex id dolore proident exercitation non labore exercitation elit. Ea laborum ad occaecat do adipisicing excepteur. Culpa sit aliquip adipisicing velit enim eu id. Sunt veniam incididunt eiusmod dolore non sunt adipisicing nisi nisi laboris commodo quis.",
      "name": "Bryan Harris",
      "id": "570f3a8b5ce63281d86387c0"
    },
    "quote": "reprehenderit ex labore commodo ullamco reprehenderit ea id exercitation ex tempor aliqua",
    "id": "570f3a8b2dc262c03a0286af"
  },
  {
    "shareCount": 3134,
    "likeCount": 22544,
    "viewCount": 3703,
    "topics": [
      "creativity",
      "life",
      "attitude"
    ],
    "author": {
      "died": "Saturday, January 23, 2016 10:12 AM",
      "born": "Friday, June 27, 2014 10:12 AM",
      "profession": "actor",
      "intro": "Duis nulla id consequat exercitation laboris excepteur id adipisicing consectetur nisi veniam eu. Dolore dolore aliquip ea ad ad. Nisi voluptate enim eiusmod consequat et ullamco commodo ullamco magna mollit reprehenderit reprehenderit nisi laboris. Elit sit pariatur ipsum Lorem nisi ullamco pariatur. Eiusmod aute enim enim reprehenderit do pariatur veniam. Excepteur dolore consequat mollit voluptate et excepteur ipsum ad sint laboris est pariatur veniam.\n\nEx Lorem qui elit aliqua ipsum duis ad consectetur ullamco ut incididunt. Velit Lorem elit amet quis cillum. Ad incididunt proident aliqua consequat fugiat deserunt labore deserunt ad adipisicing reprehenderit ullamco et. Velit amet commodo do anim anim labore dolore sunt do consequat anim. Excepteur fugiat quis esse est minim dolor. Occaecat ad eiusmod minim eiusmod laborum Lorem sit aliqua labore.",
      "name": "Victoria Sargent",
      "id": "570f3a8b1652d7a01ee441c8"
    },
    "quote": "qui laboris irure sint mollit consequat commodo velit id cillum laborum elit",
    "id": "570f3a8b9a4f52024a5d05f6"
  },
  {
    "shareCount": 19767,
    "likeCount": 25307,
    "viewCount": 25328,
    "topics": [
      "creativity",
      "life",
      "attitude"
    ],
    "author": {
      "died": "Thursday, June 11, 2015 9:55 AM",
      "born": "Thursday, December 18, 2014 3:19 AM",
      "profession": "scientist",
      "intro": "Minim ut dolor ea ex tempor. Minim sit elit veniam incididunt amet ut. Qui qui cillum reprehenderit voluptate irure velit id in. Lorem nulla ad dolore culpa aliqua exercitation magna. Velit ex elit excepteur tempor officia laboris deserunt amet labore ullamco incididunt magna dolore anim. Qui excepteur et magna excepteur.\n\nElit deserunt minim amet officia excepteur adipisicing exercitation eu cillum laborum dolore ut. Laboris nulla ex exercitation minim irure veniam occaecat esse consectetur culpa ad. Adipisicing magna proident voluptate elit ex. Cillum mollit dolore consectetur consectetur ea. Sunt cillum proident occaecat deserunt non velit elit sit aute ullamco non duis ea. Incididunt aute mollit dolore velit duis sit culpa laboris adipisicing sint in laboris Lorem.",
      "name": "Nolan Hoffman",
      "id": "570f3a8b6518e3b5f63380a3"
    },
    "quote": "nulla dolore velit officia exercitation esse labore laboris esse quis id id",
    "id": "570f3a8b5a454f0d1338b12c"
  },
  {
    "shareCount": 869,
    "likeCount": 2274,
    "viewCount": 11932,
    "topics": [
      "creativity",
      "life",
      "attitude"
    ],
    "author": {
      "died": "Wednesday, July 2, 2014 6:30 AM",
      "born": "Wednesday, December 30, 2015 6:00 AM",
      "profession": "scientist",
      "intro": "Anim dolor ipsum et elit. Excepteur laboris magna in duis occaecat nisi ex. Irure officia cillum dolor minim eu officia dolore.\n\nEu sit ullamco nostrud cupidatat aliqua et commodo est mollit. Nisi eiusmod proident officia adipisicing cillum id amet consectetur enim incididunt irure. Esse velit cillum nulla nostrud eu sit adipisicing sit nostrud ex. Anim duis incididunt et cupidatat eu sit quis dolore irure fugiat nisi aliquip sunt labore. Aliquip commodo voluptate aute anim velit do voluptate adipisicing esse consequat et aute.",
      "name": "Landry Cooley",
      "id": "570f3a8b5f977c7a59de4cf6"
    },
    "quote": "do ullamco deserunt labore dolore do do non sunt irure aliquip commodo",
    "id": "570f3a8b88924f9f8afc0819"
  },
  {
    "shareCount": 4956,
    "likeCount": 6344,
    "viewCount": 16627,
    "topics": [
      "creativity",
      "life",
      "attitude"
    ],
    "author": {
      "died": "Friday, April 25, 2014 12:20 PM",
      "born": "Monday, April 27, 2015 4:56 PM",
      "profession": "businessman",
      "intro": "Veniam labore in eu eiusmod. Ullamco ad laborum eu adipisicing voluptate ex eiusmod culpa. Exercitation id dolore non officia anim ex in laboris ea ullamco elit. Cupidatat consequat occaecat proident esse occaecat labore. Dolore veniam enim qui magna occaecat Lorem exercitation eu adipisicing excepteur ullamco sunt. Lorem eu officia cupidatat sit ad qui.\n\nId incididunt sunt fugiat qui incididunt consequat ipsum culpa deserunt magna culpa ad aute. Est ullamco eu in ut veniam fugiat aliqua magna esse ad laborum. Eu consequat consectetur dolore nisi duis nostrud sit cillum occaecat labore nulla duis in est. Pariatur dolore voluptate reprehenderit veniam occaecat fugiat Lorem laboris nostrud culpa proident.",
      "name": "Nona Johnston",
      "id": "570f3a8bfe7bb038ceebcff2"
    },
    "quote": "fugiat pariatur nostrud consequat id eu mollit in fugiat ullamco laborum nostrud",
    "id": "570f3a8b4791d64317c22f27"
  },
  {
    "shareCount": 7099,
    "likeCount": 20398,
    "viewCount": 4607,
    "topics": [
      "creativity",
      "life",
      "attitude"
    ],
    "author": {
      "died": "Thursday, September 11, 2014 3:00 AM",
      "born": "Monday, April 21, 2014 4:24 AM",
      "profession": "actor",
      "intro": "Nisi officia id pariatur labore voluptate qui amet duis occaecat nulla tempor reprehenderit sit adipisicing. Tempor aliquip Lorem in non exercitation qui laborum irure incididunt sit dolor labore. Non magna ullamco eu est.\n\nAliqua aliqua mollit ipsum est. Ad fugiat amet adipisicing ipsum labore officia sint non tempor sint. Cupidatat minim pariatur officia Lorem.",
      "name": "Conway Gay",
      "id": "570f3a8b6476f11861d19095"
    },
    "quote": "laborum sunt laborum veniam laborum eu magna mollit quis duis consequat deserunt",
    "id": "570f3a8b454458e94a256735"
  },
  {
    "shareCount": 17199,
    "likeCount": 24297,
    "viewCount": 10310,
    "topics": [
      "creativity",
      "life",
      "attitude"
    ],
    "author": {
      "died": "Friday, November 6, 2015 7:05 PM",
      "born": "Wednesday, April 16, 2014 5:07 PM",
      "profession": "writer",
      "intro": "Quis esse anim consequat id eiusmod commodo voluptate voluptate velit proident labore elit ullamco minim. Ullamco veniam eu pariatur non dolore enim ex. Magna dolor consequat aliqua ullamco quis ullamco deserunt culpa velit deserunt velit ullamco ex duis.\n\nQuis esse pariatur consequat occaecat id nisi amet consectetur dolore veniam. Non amet laborum eu tempor magna ipsum ad laboris sint officia qui fugiat. Tempor fugiat commodo Lorem ullamco labore nulla elit exercitation. Eu cupidatat reprehenderit Lorem non mollit in aliquip. Deserunt reprehenderit pariatur voluptate commodo anim minim dolor irure cillum officia reprehenderit. Ullamco nostrud et consectetur adipisicing culpa veniam enim.",
      "name": "Magdalena Malone",
      "id": "570f3a8b718954f79972d30f"
    },
    "quote": "deserunt nostrud nisi id et culpa voluptate consectetur veniam irure amet id",
    "id": "570f3a8bc7f91cc36d496589"
  },
  {
    "shareCount": 23439,
    "likeCount": 24286,
    "viewCount": 9624,
    "topics": [
      "creativity",
      "life",
      "attitude"
    ],
    "author": {
      "died": "Thursday, September 10, 2015 4:23 AM",
      "born": "Friday, October 3, 2014 12:07 AM",
      "profession": "designer",
      "intro": "Eu eu dolor enim proident quis eu laboris adipisicing. In nostrud esse ad non culpa voluptate fugiat non esse ut. Laborum amet cupidatat est ullamco incididunt excepteur. Voluptate adipisicing reprehenderit aliqua tempor ullamco anim velit. Lorem cillum adipisicing magna proident irure.\n\nIrure consectetur excepteur reprehenderit exercitation quis id cupidatat reprehenderit ullamco. Esse commodo adipisicing consequat enim ut laboris reprehenderit do quis. Ipsum pariatur sunt id quis ea exercitation id commodo veniam veniam ad eiusmod adipisicing ut. Do veniam esse ex adipisicing nostrud ut aute cupidatat consequat. Elit adipisicing ea magna officia commodo culpa dolor. Ut esse Lorem exercitation incididunt voluptate nisi do quis fugiat. Id cupidatat aliquip nostrud sit et nostrud magna ipsum.",
      "name": "Shirley Hull",
      "id": "570f3a8b255e78e422fa80a8"
    },
    "quote": "culpa non veniam aliquip in eu enim veniam ex excepteur nulla elit",
    "id": "570f3a8b947f5c9489b0264c"
  },
  {
    "shareCount": 21,
    "likeCount": 7314,
    "viewCount": 14866,
    "topics": [
      "creativity",
      "life",
      "attitude"
    ],
    "author": {
      "died": "Saturday, January 9, 2016 10:07 AM",
      "born": "Wednesday, July 23, 2014 7:27 AM",
      "profession": "politician",
      "intro": "Est culpa ipsum laborum eiusmod cupidatat ut laborum. Labore ex consequat esse eu eu laboris adipisicing quis reprehenderit occaecat dolore dolore. Eu quis exercitation velit nostrud elit dolor. Quis ex consequat ipsum ut labore velit nulla.\n\nEst proident sint aute labore voluptate ea culpa mollit eu occaecat incididunt aliquip Lorem. Veniam minim deserunt adipisicing dolore ipsum elit reprehenderit qui ullamco reprehenderit aliqua tempor. Eiusmod consequat consequat sunt cupidatat cupidatat Lorem nisi do quis officia adipisicing id.",
      "name": "Baird Petty",
      "id": "570f3a8b2cb748d9065d3d8d"
    },
    "quote": "elit sint mollit laboris amet cillum ad tempor mollit ullamco sit aliquip",
    "id": "570f3a8be6f5bf328a8dacc0"
  },
  {
    "shareCount": 11943,
    "likeCount": 3177,
    "viewCount": 16293,
    "topics": [
      "creativity",
      "life",
      "attitude"
    ],
    "author": {
      "died": "Sunday, January 11, 2015 7:15 PM",
      "born": "Monday, February 22, 2016 9:24 AM",
      "profession": "celebrity",
      "intro": "Enim laborum laboris voluptate adipisicing non cillum do ad. Eiusmod ex tempor enim anim. Ex ad adipisicing et occaecat dolore et pariatur dolore cupidatat ea laboris commodo incididunt tempor. Consectetur officia fugiat adipisicing consectetur nostrud. Magna incididunt nostrud deserunt et ex.\n\nVoluptate aute in ipsum amet commodo veniam ut exercitation velit commodo labore ipsum labore. Officia occaecat cupidatat dolore officia sint pariatur officia qui ut. Do sunt qui nisi sint.",
      "name": "Estela Booth",
      "id": "570f3a8b8298ceb12262594d"
    },
    "quote": "proident velit laboris proident aliquip ullamco ullamco excepteur Lorem elit pariatur mollit",
    "id": "570f3a8b55d58dd31f142f0e"
  },
  {
    "shareCount": 11444,
    "likeCount": 19739,
    "viewCount": 27075,
    "topics": [
      "creativity",
      "life",
      "attitude"
    ],
    "author": {
      "died": "Tuesday, February 17, 2015 4:35 PM",
      "born": "Wednesday, August 20, 2014 5:04 AM",
      "profession": "writer",
      "intro": "Lorem Lorem occaecat occaecat ex duis sint enim reprehenderit minim exercitation anim quis ea excepteur. Aute commodo incididunt cupidatat cillum exercitation officia fugiat eu eiusmod consectetur. Proident exercitation cupidatat et sit reprehenderit id et. Ex proident ipsum cupidatat incididunt consequat sint quis eu qui fugiat.\n\nMagna aliquip laboris excepteur eiusmod. Commodo adipisicing incididunt labore ea Lorem ad deserunt adipisicing do irure consequat. Sit nostrud quis excepteur velit dolor commodo ut laboris non quis commodo. Dolore occaecat nulla pariatur eu dolore deserunt do. Aute laboris occaecat nulla in voluptate aliquip id dolore nostrud aliquip duis nisi sint. Sit quis laborum dolor laboris ex esse laboris quis laborum eiusmod anim enim.",
      "name": "Wise England",
      "id": "570f3a8b3f2e86b125024967"
    },
    "quote": "mollit incididunt commodo officia laboris sint cupidatat eiusmod in ex laborum velit",
    "id": "570f3a8bc8e8975978e90133"
  },
  {
    "shareCount": 21115,
    "likeCount": 5808,
    "viewCount": 3476,
    "topics": [
      "creativity",
      "life",
      "attitude"
    ],
    "author": {
      "died": "Tuesday, September 9, 2014 10:49 AM",
      "born": "Tuesday, April 22, 2014 2:50 AM",
      "profession": "businessman",
      "intro": "Nisi nisi aute sit sunt eiusmod minim ullamco occaecat eu cillum mollit labore laboris minim. Officia consequat esse reprehenderit veniam anim id quis cupidatat occaecat enim nisi commodo occaecat et. Proident sint laborum minim fugiat aliqua consequat et id eu irure elit nulla nulla. Ipsum amet quis esse ex. Nostrud Lorem quis ullamco ipsum.\n\nCulpa eiusmod esse qui cupidatat duis cupidatat laborum magna officia occaecat aliqua duis aliqua. Ea dolore sit et nulla duis ad ullamco eu. Anim qui culpa aliqua mollit est incididunt minim fugiat aliquip ut mollit nisi nisi et.",
      "name": "Carr Rutledge",
      "id": "570f3a8bcddeca476013e5af"
    },
    "quote": "ipsum ullamco ea eu nisi consectetur commodo irure Lorem enim ad ea",
    "id": "570f3a8bc563204cbdffa83b"
  },
  {
    "shareCount": 542,
    "likeCount": 17689,
    "viewCount": 7241,
    "topics": [
      "creativity",
      "life",
      "attitude"
    ],
    "author": {
      "died": "Monday, April 6, 2015 3:49 PM",
      "born": "Friday, August 14, 2015 10:13 AM",
      "profession": "economist",
      "intro": "Occaecat commodo ea ad ipsum ullamco esse sit aliqua qui dolor mollit ea sint voluptate. Consectetur aliqua anim proident occaecat consectetur enim labore ea commodo mollit commodo enim nisi magna. Fugiat esse sit enim Lorem fugiat sit non in. Ut dolor laboris laborum cupidatat aliquip sint commodo eu aliquip cupidatat mollit sunt voluptate laboris. Aliquip incididunt deserunt id culpa aliquip non magna nisi. In qui amet velit consectetur cupidatat et.\n\nVeniam enim exercitation deserunt amet laborum dolore dolore duis laborum sunt minim magna aute. Qui mollit minim officia commodo culpa. Aliquip qui laborum sunt velit non consectetur velit. Nulla ea proident magna eiusmod ea pariatur. Enim esse non elit excepteur qui irure officia anim sint aliqua.",
      "name": "Goodwin Lowery",
      "id": "570f3a8bbac99fb41cdcbd57"
    },
    "quote": "occaecat sunt aliquip est enim dolore amet anim do anim ex Lorem",
    "id": "570f3a8b4add038d826c6c13"
  },
  {
    "shareCount": 1933,
    "likeCount": 140,
    "viewCount": 17491,
    "topics": [
      "creativity",
      "life",
      "attitude"
    ],
    "author": {
      "died": "Saturday, March 26, 2016 4:53 PM",
      "born": "Wednesday, July 1, 2015 9:43 AM",
      "profession": "politician",
      "intro": "Non magna mollit cupidatat eiusmod est. Elit elit elit pariatur labore incididunt excepteur fugiat consequat aliqua sunt sunt culpa nostrud fugiat. Aliqua voluptate velit mollit incididunt cupidatat enim cupidatat id dolor. Id laboris minim laborum duis eiusmod ullamco excepteur dolor anim anim sunt. Nisi velit est magna labore.\n\nUt qui elit aute esse irure aliqua do qui. Nostrud proident cupidatat veniam irure laborum sit adipisicing velit consequat nostrud. Dolore irure sint Lorem aliquip adipisicing ipsum. Sunt eu nisi esse reprehenderit quis ullamco id labore. Dolore magna anim et aute sunt. Qui in consequat nisi dolore non sit ex magna.",
      "name": "Grace Solomon",
      "id": "570f3a8b529fd6387570a4d0"
    },
    "quote": "Lorem minim veniam sunt magna nostrud voluptate cillum ad ea commodo exercitation",
    "id": "570f3a8b55e3783b45dd33e8"
  },
  {
    "shareCount": 2555,
    "likeCount": 15317,
    "viewCount": 14964,
    "topics": [
      "creativity",
      "life",
      "attitude"
    ],
    "author": {
      "died": "Sunday, August 24, 2014 12:19 AM",
      "born": "Sunday, August 24, 2014 2:11 PM",
      "profession": "saint",
      "intro": "Laborum minim do Lorem fugiat dolor pariatur qui id laboris sit velit ea eiusmod. Mollit mollit reprehenderit elit est eu occaecat deserunt irure irure. Consequat laboris officia irure nisi velit esse do. Duis consectetur cupidatat ipsum adipisicing irure nisi proident magna nulla excepteur nostrud labore. Id Lorem do cupidatat velit qui.\n\nOccaecat cillum id Lorem reprehenderit aliquip dolor et magna non. Aliqua magna fugiat occaecat ad mollit incididunt qui ea nulla. Consectetur elit dolore consectetur in. Qui labore non aliquip nisi ea eiusmod amet minim nulla.",
      "name": "Corine Frazier",
      "id": "570f3a8bb309481d7aa1c9a7"
    },
    "quote": "ut qui voluptate veniam nostrud mollit enim culpa eu exercitation eu dolore",
    "id": "570f3a8b34b0f0322c35cbaf"
  },
  {
    "shareCount": 1044,
    "likeCount": 23534,
    "viewCount": 878,
    "topics": [
      "creativity",
      "life",
      "attitude"
    ],
    "author": {
      "died": "Sunday, February 22, 2015 11:40 PM",
      "born": "Tuesday, July 7, 2015 4:20 AM",
      "profession": "writer",
      "intro": "Pariatur in Lorem cillum consectetur aute anim duis tempor id aliquip voluptate deserunt ex. Aute minim tempor sint proident. Eiusmod anim laborum veniam eu ipsum culpa anim sunt. Ea qui occaecat commodo ut adipisicing. Nisi ullamco cillum in duis Lorem et irure fugiat. Excepteur quis commodo nostrud sint non ut tempor. Enim nisi Lorem ad duis aute ex veniam duis quis reprehenderit.\n\nIpsum ipsum officia occaecat irure. Est exercitation tempor consectetur et duis. Ex ipsum nostrud amet ullamco.",
      "name": "Irma Adkins",
      "id": "570f3a8bf259715a0aa8535e"
    },
    "quote": "id tempor ullamco anim aute labore quis magna quis ut aute Lorem",
    "id": "570f3a8b9b9f21639a28d54f"
  }
]